Author,Comment,Sentiment
@khadars4599,‡∞π‡∞†‡∞æ‡∞§‡±ç‡∞§‡±Å‡∞ó‡∞æ ‡∞à ‡∞∏‡∞ø‡∞®‡∞ø‡∞Æ‡∞æ ‡∞ó‡±Å‡∞∞‡±ç‡∞§‡±Å ‡∞µ‡∞ö‡±ç‡∞ö‡∞ø ‡∞ö‡±Ç‡∞∏‡∞æ...‡∞ö‡∞æ‡∞≤‡∞æ ‡∞ö‡∞ï‡±ç‡∞ï‡∞ü‡∞ø ‡∞∏‡∞ø‡∞®‡∞ø‡∞Æ‡∞æ.....2023..2033..2043... ‡∞á‡∞≤‡∞æ ‡∞ó‡∞°‡±Å‡∞∏‡±ç‡∞§‡±Å‡∞®‡±ç‡∞® ‡∞∏‡∞ø‡∞®‡∞ø‡∞Æ‡∞æ ‡∞Æ‡±Ä‡∞¶ ‡∞¨‡±ã‡∞∞‡±ç ‡∞´‡±Ä‡∞≤‡±ç ‡∞∞‡∞æ‡∞¶‡±Å....,Good
@sunilb1123,"‡∞à ‡∞Æ‡±Ç‡∞µ‡±Ä ‡∞≤‡±ã ‡∞≤‡∞æ‡∞∏‡±ç‡∞ü‡±ç ‡∞∏‡∞æ‡∞Ç‡∞ó‡±ç ‡∞Æ‡∞§‡∞Æ‡±Ü‡∞≤ ‡∞ó‡∞§‡∞Æ‡±Ü‡∞≤ ‡∞Ö‡∞®‡±á ‡∞∏‡∞æ‡∞Ç‡∞ó‡±ç ‡∞í‡∞ï‡±ç‡∞ï‡∞ü‡∞ø ‡∞ö‡∞æ‡∞≤‡±Å ‡∞à ‡∞∏‡∞ø‡∞®‡∞ø‡∞Æ‡∞æ ‡∞Æ‡±ä‡∞§‡±ç‡∞§‡∞æ‡∞®‡∞ø‡∞ï‡∞ø
‡∞á‡∞≤‡∞æ‡∞Ç‡∞ü‡∞ø ‡∞∏‡∞ø‡∞®‡∞ø‡∞Æ‡∞æ‡∞≤‡±Å ‡∞™‡∞æ‡∞ü‡∞≤‡±Å ‡∞á‡∞™‡±ç‡∞™‡∞ü‡±ç‡∞≤‡±ã ‡∞µ‡∞∏‡±ç‡∞§‡±á ‡∞ö‡∞æ‡∞≤‡∞æ ‡∞¨‡∞æ‡∞ó‡±Å‡∞Ç‡∞ü‡±Å‡∞Ç‡∞¶‡∞ø",Good
@soppariraghavendar3284,"‡∞ï‡∞Ç‡∞ü‡∞§‡∞°‡∞ø ‡∞™‡±Ü‡∞ü‡±ç‡∞ü‡∞ø‡∞Ç‡∞ö‡∞æ‡∞∞‡±Å ‡∞ó‡∞æ ‡∞∏‡∞æ‡∞Æ‡∞ø.....
‡∞á‡∞Ç‡∞§ ‡∞Ö‡∞¶‡±ç‡∞≠‡±Å‡∞§‡∞Ç‡∞ó‡∞æ ‡∞ö‡±Ç‡∞™‡∞ø‡∞Ç‡∞ö‡∞ø‡∞® ‡∞Ü ‡∞Æ‡∞π‡∞æ‡∞®‡±Å‡∞≠‡∞æ‡∞µ‡±Å‡∞®‡∞ø‡∞ï‡∞ø....
‡∞™‡∞æ‡∞ß‡∞æ‡∞¨‡∞ø ‡∞µ‡∞Ç‡∞¶‡∞®‡∞æ‡∞≤‡±Å ‡∞§‡±Ü‡∞≤‡±Å‡∞™‡±Å‡∞ï‡±Å‡∞Ç‡∞ü‡±Å‡∞®‡±ç‡∞®‡∞æ‡∞®‡±Å...",Good
@TrendingTollywood,Evaramma 2024 lo kuda chustunnavaruu ... Em feel undhe mamaa Mani sir film Ô∏èÔ∏è,Good
@interestingfacts5902,"‡∞®‡±á‡∞®‡±Å ‡∞π‡∞ø‡∞Ç‡∞¶‡±Ç ‡∞ï‡∞æ‡∞¶‡±Å ‡∞Æ‡±Å‡∞∏‡±ç‡∞≤‡∞ø‡∞Ç ‡∞ï‡∞æ‡∞¶‡±Å.. ‡∞®‡±á‡∞®‡±Å ‡∞≠‡∞æ‡∞∞‡∞§‡±Ä‡∞Ø‡±Å‡∞°‡∞ø‡∞®‡∞ø ‡∞∞‡∞æ.... ‡∞Ü ‡∞°‡±à‡∞≤‡∞æ‡∞ó‡±ç ‡∞ö‡∞æ‡∞≤‡∞æ ‡∞é‡∞Æ‡±ã‡∞∑‡∞®‡∞≤‡±ç ‡∞ó‡∞æ ‡∞â‡∞Ç‡∞¶‡∞ø...
Iam an Indian....",Good
@MrMBA.,"Mesmerizing music by A.R.Rahman Sir.
    Bombay movie should be Re- Released in Theatres 
    Who agrees with me?",Good
@rajeshshankula5600,A.r Rahman music e cinema ki pranam poosindi ..yes aithe like eskondi,Good
@bp-bn2pc,"‡∞Ö‡∞¶‡±ç‡∞≠‡±Å‡∞§‡∞Æ‡±à‡∞® ‡∞Æ‡±Ü‡∞∏‡±á‡∞ú‡±ç ‡∞™‡±ç‡∞∞‡∞§‡±Ä ‡∞π‡∞ø‡∞Ç‡∞¶‡±Ç ‡∞Æ‡±Å‡∞∏‡±ç‡∞≤‡∞ø‡∞Ç ‡∞™‡±ç‡∞∞‡∞ú‡∞≤‡∞Ç‡∞¶‡∞∞‡±Ç ‡∞ó‡∞Æ‡∞®‡∞ø‡∞Ç‡∞ö‡∞æ‡∞≤‡±ç‡∞∏‡∞ø‡∞Ç‡∞¶‡∞ø ‡∞í‡∞ï‡±ç‡∞ï‡∞ü‡±á ‡∞Æ‡∞®‡∞Ç ‡∞Ö‡∞Ç‡∞§‡∞æ ‡∞í‡∞ï‡±ç‡∞ï‡∞ü‡±á. 
‡∞∞‡∞æ‡∞ú‡∞ï‡±Ä‡∞Ø ‡∞®‡∞æ‡∞Ø‡∞ï‡±Å‡∞≤‡±Å ‡∞µ‡∞æ‡∞≥‡±ç‡∞≥ ‡∞∏‡±ç‡∞µ‡∞≤‡∞æ‡∞≠‡∞Ç ‡∞ï‡±ã‡∞∏‡∞Ç ‡∞ö‡∞ø‡∞ö‡±ç‡∞ö‡±Å ‡∞™‡±Ü‡∞ü‡±ç‡∞ü‡±á ‡∞™‡±ç‡∞∞‡∞Ø‡∞§‡±ç‡∞®‡∞Ç ‡∞ö‡±á‡∞∏‡±ç‡∞§‡∞æ‡∞∞‡±Å ‡∞µ‡∞æ‡∞≥‡±ç‡∞≥‡∞®‡∞ø ‡∞Ö‡∞®‡±Å‡∞∏‡∞∞‡∞ø‡∞Ç‡∞ö‡∞ø ‡∞ï‡±Å‡∞≤‡∞æ‡∞≤ ‡∞Æ‡∞¶‡±ç‡∞Ø‡∞® ‡∞ö‡∞ø‡∞ö‡±ç‡∞ö‡±Å‡∞≤‡±Å ‡∞Æ‡∞§‡∞æ‡∞≤ ‡∞Æ‡∞¶‡±ç‡∞Ø‡∞® ‡∞ö‡∞ø‡∞ö‡±ç‡∞ö‡±Å‡∞≤‡±Å. ‡∞™‡±Ü‡∞ü‡±ç‡∞ü‡∞ø ‡∞∞‡∞æ‡∞ú‡∞ï‡±Ä‡∞Ø‡∞Ç ‡∞ö‡±á‡∞∏‡±ç‡∞§‡∞æ‡∞∞‡±Å ‡∞µ‡∞æ‡∞≥‡±ç‡∞≥ ‡∞¨‡∞æ‡∞ó‡±Å‡∞Ç‡∞ü‡∞æ‡∞∞‡±Å ‡∞ú‡∞®‡∞æ‡∞≤‡±Å ‡∞™‡±ã‡∞§‡∞æ‡∞∞‡±Å. ‡∞Ö‡∞®‡±ç‡∞®‡∞ø ‡∞ï‡±Å‡∞≤‡∞æ‡∞≤ ‡∞µ‡∞æ‡∞∞‡±Å",Good
@navvu_aapukuntunav_kadhara,"1990's lo real ga ‡∞ú‡∞∞‡∞ø‡∞ó‡∞ø‡∞® ‡∞í‡∞ï sensitive issue Ni ‡∞ö‡∞æ‡∞≤‡∞æ ‡∞ö‡∞ï‡±ç‡∞ï‡∞ó‡∞æ ‡∞ö‡±Ç‡∞™‡∞ø‡∞Ç‡∞ö‡∞ø‡∞® ‡∞Æ‡∞£‡∞ø‡∞∞‡∞§‡±ç‡∞®‡∞Ç ‡∞ó‡∞æ‡∞∞‡∞ø‡∞ï‡∞ø ‡∞®‡∞æ ‡∞π‡±É‡∞¶‡∞Ø‡∞™‡±Ç‡∞∞‡±ç‡∞µ‡∞ï ‡∞ß‡∞®‡±ç‡∞Ø‡∞µ‡∞æ‡∞¶‡∞æ‡∞≤‡±Å.
‡∞á‡∞ü‡±Å‡∞µ‡∞Ç‡∞ü‡∞ø ‡∞∏‡∞ø‡∞®‡∞ø‡∞Æ‡∞æ‡∞®‡±Å ‡∞á‡∞Ç‡∞§‡∞ï‡∞æ‡∞≤‡∞Ç ‡∞ö‡±Ç‡∞°‡∞®‡∞Ç‡∞¶‡±Å‡∞ï‡±Å ‡∞ö‡∞æ‡∞≤‡∞æ ‡∞¨‡∞æ‡∞ß‡∞ó‡∞æ ‡∞â‡∞Ç‡∞¶‡∞ø...
‡∞á‡∞¶‡±á ‡∞∏‡∞ø‡∞®‡∞ø‡∞Æ‡∞æ ‡∞à ‡∞∞‡±ã‡∞ú‡±Å‡∞≤‡±ç‡∞≤‡±ã relase ‡∞Ö‡∞Ø‡±ç‡∞Ø‡±Å‡∞Ç‡∞ü‡±á.. ‡∞¨‡∞æ‡∞π‡±Å‡∞¨‡∞≤‡∞ø records ‡∞®‡∞ø ‡∞¨‡∞¶‡±ç‡∞ß‡∞≤‡±Å‡∞ï‡±ä‡∞ü‡±ç‡∞ü‡±á‡∞¶‡∞ø. Message was super... ""‡∞Æ‡∞®‡∞Ç‡∞¶‡∞∞‡∞Ç ‡∞π‡∞ø‡∞Ç‡∞¶‡±Å‡∞µ‡±Å‡∞≤‡∞Ç, ‡∞Æ‡±Å‡∞∏‡±ç‡∞≤‡∞ø‡∞Ç ‡∞≤‡∞Æ‡±Å ‡∞ï‡∞æ‡∞¶‡±Å ‡∞Æ‡±Å‡∞Ç‡∞¶‡±Å ‡∞Æ‡∞®‡∞Ç ‡∞≠‡∞æ‡∞∞‡∞§‡±Ä‡∞Ø‡±Å‡∞≤‡∞Ç.üáÆüá≥ "" Movie ‡∞Æ‡∞æ‡∞§‡±ç‡∞∞‡∞Ç ‡∞®‡∞æ  ‡∞®‡∞ø touch ‡∞ö‡±á‡∞∏‡∞ø‡∞Ç‡∞¶‡∞ø sir",Good
@bhaskardevarakonda9577,‡∞á‡∞Ç‡∞ü‡∞ó‡±ä‡∞™‡±ç‡∞™ ‡∞∏‡∞ø‡∞®‡∞ø‡∞Æ‡∞æ ‡∞á‡∞®‡±ç‡∞®‡∞æ‡∞≥‡±ç‡∞≤‡±Å ‡∞ö‡±Ç‡∞°‡∞≤‡±á‡∞ï‡∞™‡±ã‡∞Ø‡∞ø‡∞®‡∞Ç‡∞¶‡±Å‡∞ï‡±Å ‡∞¨‡∞æ‡∞ß‡∞™‡∞°‡±Å‡∞§‡±Å‡∞®‡±ç‡∞®‡∞æ‡∞®‡±Å...‡∞á‡∞≤‡∞æ‡∞Ç‡∞ü‡∞ø ‡∞Ö‡∞¶‡±ç‡∞≠‡±Å‡∞§‡∞æ‡∞®‡±ç‡∞®‡∞ø ‡∞Ü‡∞µ‡∞ø‡∞∑‡±ç‡∞ï‡∞∞‡∞ø‡∞Ç‡∞ö‡∞ø‡∞® ‡∞Æ‡∞£‡∞ø‡∞∞‡∞§‡±ç‡∞®‡∞Ç ‡∞ó‡∞æ‡∞∞‡∞ø‡∞ï‡∞ø ‡∞∂‡∞§‡∞ï‡±ã‡∞ü‡∞ø‡∞µ‡∞Ç‡∞¶‡∞®‡∞æ‡∞≤‡±Å,Good
